optimization,overall_score,turn1_score,turn2_score,ttft_turn1,ttft_turn2,total_time,ci_lower,ci_upper
query_routing_20250818,8.20625,8.625,7.7875,51.88524670898914,58.425533106923105,165.46616972386835,8.021426140414128,8.391073859585873
caching_20250818,8.18125,8.65,7.7125,52.51527689099312,58.72681106030941,166.86313192695377,8.00592399819802,8.356576001801981
quality_weighting_20250818,8.175,8.6625,7.6875,51.83794599175453,58.56986300051212,165.61171348839997,7.9881647450020745,8.361835254997928
parallel_batching_20250818,8.15625,8.6375,7.675,52.15190787017345,60.067728573083876,168.329454664886,7.959874639718579,8.352625360281422
baseline_20250818,8.18125,8.6625,7.7,52.081372866034506,60.40334654450417,168.727079115808,7.984622634019408,8.377877365980591
semantic_dedup_20250818,8.18125,8.6625,7.7,51.98311221897602,59.35751294195652,167.01093774139883,7.98539907226909,8.37710092773091
incremental_aggregation_20250818,8.13125,8.65,7.6125,8.765382042527198,11.115321886539459,29.821055893599983,7.926090082872406,8.336409917127593
