optimization,lc_win_rate,lc_ci_lower,lc_ci_upper,raw_win_rate,avg_length,avg_length_diff,n_total,n_wins,n_losses,n_ties,length_coefficient
baseline,57.69182519809757,48.37709429009947,72.6692606442194,55.00000000000001,478.4,-65.35,20,11,8,1,0.005333465367697678
query_routing,48.15620824304297,32.29992767716856,59.39396517092307,40.0,465.35,-78.4,20,8,11,1,-0.0010799789596460992
incremental_aggregation,49.85663178372858,41.86034999442507,64.95634203252523,50.0,477.25,-66.5,20,10,8,2,-0.00010348364192718256
caching_second_run,58.166231148052795,48.54940849447926,73.04701937693727,45.0,480.85,-62.9,20,9,9,2,0.007752978547151708
caching,71.34073994499748,55.89088194624827,83.19143315269444,55.00000000000001,483.75,-60.0,20,11,8,1,0.021825921154655342
semantic_dedup,60.7833915813341,41.822231401152365,75.07293998109355,40.0,481.15,-62.6,20,8,12,0,0.01267879752397616
quality_weighting,59.85766297828086,49.543538812555276,81.88680086072097,55.00000000000001,473.7,-70.05,20,11,8,1,0.0058657516643103
parallel_batching,51.96626166327037,43.52854338785694,68.62481680354487,40.0,475.75,-68.0,20,8,11,1,0.0014722549899269086
